,buyers,total_funds
339,FUTURE GAMING AND HOTEL SERVICES PR,12080000000.0
9,MEGHA ENGINEERING AND INFRASTRUCTURES LI MITED,8210000000.0
579,QWIKSUPPLYCHAINPRIVATELIMITED,4100000000.0
161,HALDIA ENERGY LIMITED,3770000000.0
77,VEDANTA LIMITED,3756500000.0
4,ESSEL MINING AND INDS LTD,2245000000.0
1149,WESTERN UP POWER TRANSMISSION COMPANY LI MITED,2200000000.0
55,KEVENTER FOODPARK INFRA LIMITED,1950000000.0
179,MADANLAL LTD.,1855000000.0
361,BHARTI AIRTEL LIMITED,1830000000.0
469,YASHODA SUPER SPECIALITY HOSPITAL,1620000000.0
47,UTKAL ALUMINA INTERNATIONAL LIMITED,1353000000.0
266,DLF COMMERCIAL DEVELOPERS LIMITED,1300000000.0
701,MKJ ENTERPRISES LIMITED,1283500000.0
777,JINDAL STEEL AND POWER LIMITED,1230000000.0
896,B G SHIRKE CONSTRUCTION TECHNOLOGY PVT L TD,1170000000.0
443,DHARIWAL INFRASTRUCTURE LIMITED,1150000000.0
878,BIRLACARBONINDIAPRIVATELIMITED,1050000000.0
574,CHENNAI GREEN WOODS PRIVATE LIMITED,1050000000.0
373,RUNGTA SONS P LTD,1000000000.0
585,FUTURE GAMING AND HOTEL SERVICES PRIVATE LIMITED,950000000.0
526,IFB AGRO INDUSTRIES LIMITED,923000000.0
167,TORRENT  POWER  LIMITED,865000000.0
470,AVEES TRADING FINANCE PVT LTD,855000000.0
174,DR.REDDY'S LABORATORIES LTD,800000000.0
572,PRARAMBH SECURITIES PVT LTDPROPRIET,780000000.0
675,MEGHA ENGINEERING & INFRASTRUCTURES LIMITED,750000000.0
606,MEGHA ENGINEERING AND INFRASTRUCTURES LTD,700000000.0
1136,FUTURE GAMING AND HOTEL SERVICES PVT LTD,650000000.0
248,MKJ ENTERPRISES LTD,640700000.0
542,RASHMI CEMENT LTD,635000000.0
819,SRI SIDDHARTH INFRATECH AND SERVICES I P,601000000.0
308,INFINA FINANCE PRIVATE LIMITED,600000000.0
280,NCC LIMITED,600000000.0
251,NATCO PHARMA LTD,572500000.0
1026,DIVI S LABORATORIES LIMITED,550000000.0
809,THE RAMCO CEMENTS LIMITED,540000000.0
867,UNITED PHOSPHORUS INDIA LLP,500000000.0
360,AUROBINDO PHARMA LIMITED,490000000.0
906,RITHWIK PROJECTS  PRIVATE LIMITED,450000000.0
736,PCBL LIMITED,450000000.0
103,NAVAYUGA  ENGINEERING COMPANY LIMITED,450000000.0
318,MS S N MOHANTY,450000000.0
1234,SASMAL INFRASTRUCTURE PRIVATE LIMITED,440000000.0
615,TORRENT PHARMACEUTICALS LTD,425000000.0
481,TRANSWAYS EXIM PRIVATE LIMITED,415000000.0
1266,SEPC POWER PVT LTD OPERATION RETEN,400000000.0
578,MODERN ROAD MAKERS PVT. LTD.,400000000.0
919,LAXMI CIVIL ENGINEERING SERVICES PR,400000000.0
1312,SHIRDI SAI ELECTRICALS LTD,400000000.0
15,PHL FINIVEST PVT LTD,400000000.0
362,BHARTI TELEMEDIA LIMITED,370000000.0
168,TORRENT PHARMACEUTICALS LIMITED,350000000.0
97,LAKSHMI NIWAS MITTAL,350000000.0
192,NEXG DEVICES PVT LTD,350000000.0
185,SWAL CORPORATION LIMITED,350000000.0
1259,SAFAL GOYAL REALTY LLP,350000000.0
320,CRESCENT POWER LTD,340000000.0
5,GRASIM INDUSTRIES LTD,330000000.0
243,CIPLA LIMITED,322000000.0
980,LCCPROJECTSPRIVATELIMITED,315000000.0
570,KAMNA CREDITS AND PROMOTORS PVT LTD,305000000.0
796,GENUS POWER INFRASTRUCTURES LIMITED,305000000.0
1196,APARNA FARMS AND ESTATES LLP,300000000.0
731,JINDAL STAINLESS LTD,300000000.0
394,HONEYWELL PROPERTIES PVT LTD,300000000.0
671,HETERO DRUGS LIMITED,300000000.0
366,PHILLIPS CARBON BLACK LIMITED,300000000.0
811,ZYDUS HEALTHCARE LIMITED,290000000.0
317,JINDAL SAW LIMITED,290000000.0
747,WESTWELL GASES PRIVATE LIMITED,285000000.0
332,PENGUIN TRADING & AGENCIES LIMITED,275000000.0
543,RASHMI METALIKS LTD,270000000.0
125,KAYPEE ENTERPRISES,270000000.0
702,MSN PHARMACHEM PVT LTD,260000000.0
928,KALPATARU PROJECTS INTERNATIONAL LIMITED,255000000.0
267,DLF LUXURY HOMES LIMITED,250000000.0
594,VEDANTA LTD,250000000.0
666,AUTHUM INVESTMENT AND INFRASTRUCTURE LTD,250000000.0
672,HETERO LABS LIMITED,250000000.0
817,MAATHA PROJECTS LLP,250000000.0
1263,K R RAJA  JT,250000000.0
676,PIRAMAL ENTERPRISES LIMITED,250000000.0
902,MAHINDRA & MAHINDRA LTD,250000000.0
1237,PRATHMESH CONSTRUCTION,250000000.0
1264,LAXMIDAS VALLABHDAS   ASMITA MERCHA,250000000.0
1024,IRB MP EXPRESSWAY PRIVATE LIMITED,250000000.0
234,AVEES TRADING & FINANCE PVT LTD,240000000.0
824,MANKIND PHARMA LIMITED,240000000.0
695,HES INFRA PVT LTD,220000000.0
926,WPIL LIMITED,220000000.0
1133,SIDDHI TRADING,220000000.0
1169,L7 HITECH PRIVATE LIMITED,220000000.0
124,K RAHEJA CORP PVT LTD,210000000.0
1067,TELLAPUR TECHNOCITY PRIVATE LIMI,200000000.0
776,HERO MOTOCORP LIMITED,200000000.0
384,RAHUL BHATIA,200000000.0
812,MARUTI SUZUKI INDIA LTD,200000000.0
38,PRL DEVELOPERS PRIVATE LIMITED,200000000.0
674,KOYA AND COMPANY CONSTRUCTION LTD,200000000.0
363,HH IRON AND STEEL PRIVATE LIMITED,200000000.0
1228,WONDER CEMENT LTD,200000000.0
44,SUN PHARMA LABORATORIES LIMTED,200000000.0
673,HONOUR LAB LTD,200000000.0
798,INTAS PHARMACEUTICALS LIMITED,200000000.0
664,RAJAPUSHPA PROPERTIES PVT LTD,200000000.0
388,CHANDER COMMERCIALS PVT LTD,200000000.0
338,ULTRATECHCEMENTSLTD,200000000.0
209,LUCINA LAND DEVELOPMENT LIMITED,200000000.0
87,BAJAJ FINANCE LTD,200000000.0
205,INTERGLOBE REAL ESTATE VENTURES PVT LTD,200000000.0
568,TORRENT POWER LTD,200000000.0
597,BKC PROPERTIES PVT LTD,200000000.0
92,FINOLEX CABLES LTD,200000000.0
804,NSL SEZ(HYDERABAD) PRIVATE LIMITED,195000000.0
1008,DINESHCHANDRA R AGRAWAL INFRACON PVT LTD,185000000.0
48,VARDHMAN TEXTILES LTD,182500000.0
898,LUPIN LIMITED,180000000.0
86,BAJAJ AUTO LTD,180000000.0
398,RAY CONSTRUCTIONS LTD,175001000.0
670,DHEERAJ MEDICALS,170000000.0
1276,OSTRO JAISALMER PRIVATE LIMITED,170000000.0
133,S D CORPORATION PVT LTD,170000000.0
1277,OSTRO MADHYA WIND PRIVATE LIMITED,170000000.0
148,ISHAN TECHNICAL PLANT SERVICES PVT LTD,160000000.0
372,BALU IRON AND STEEL COMPANY,160000000.0
803,NIRMA LIMITED,160000000.0
1028,KITEX GARMENTS LIMITED,160000000.0
376,MOHAN STEEL CORPORATION,160000000.0
1193,TVS MOBILITY PRIVATE LIMITED,160000000.0
1033,MY HOME INFRASTRUCTURES  PRIVATE LI,150000000.0
847,DLF GARDEN CITY INDORE PVT LTD,150000000.0
1037,AQUA SPACE DEVELOPERS PRIVATE LIMIT,150000000.0
375,MISRILALL MINES PVT LTD,150000000.0
1260,TERACON BUILDTECH LLP,150000000.0
89,BHARTI AIRTEL LIMITEDAIRTEL CURRE NT AC-GCO,150000000.0
743,INORBIT MALLS  INDIA  PRIVATE LIMIT,150000000.0
828,ALKEM LABORATORIES LIMITED,150000000.0
188,INFOTELBUSINESSSOLUTIONSLTDBR,150000000.0
998,AKSENTT TECH SERVICES LIMITED (UNITY TEL ECOM INFRASTRUCTURE),150000000.0
1233,EUGIA PHARMA SPECIALITIES LIMITED,150000000.0
250,ULTRA TECH CEMENT LIMITED,150000000.0
401,ABHINANDANSTOCKBROKINGPVTLTD,147000000.0
424,SHRI JAGANNATH STEELS & POWER LTD,145000000.0
917,INDER                                      THAKURDAS JAISINGHANI,140000000.0
434,MYTRAH ENERGY INDIA PRIVATE LIMITED,140000000.0
194,WELSPUN CORP LTD,140000000.0
127,M/SKJS AHLUWALIA,140000000.0
412,JK LAKSHMI CEMENT LIMITED,140000000.0
816,IPCA LABORATORIES LIMITED,135000000.0
115,WELSPUN ENTERPRISES LTD,130000000.0
547,SANDHYA  CONSTRUCTIONS & ESTATES PRIVATE  LIMITED,130000000.0
677,WELSPUN CORP LIMITED,130000000.0
57,MODERN ROAD MAKERS PVT LTD,130000000.0
566,RAJESH MANNALAL AGRAWAL,130000000.0
352,HIMALAYAN ENDEAVOUR PVT LTD,129000000.0
739,HINDYS LAB PRIVATE LTD,125000000.0
738,HAZELO LAB PRIVATE LTD,125000000.0
28,GUJARAT FLUORO CHEMICALS LIMITED,120000000.0
986,SATEC ENVIR ENGINEERING (I) PVT LTD,120000000.0
155,TALENTO TECHNICAL PLANT SERVICES PVT LTD,120000000.0
90,BHARTI INFRATEL LIMITED,120000000.0
732,NATCO PHARMA LIMITED,120000000.0
977,HERALD BEVERAGES PRIVATE LIMITED,115000000.0
45,SUN PHARMA LABORATORIES LTD,115000000.0
557,BENGAL COKE COMPANY LIMITED,113210000.0
190,KEC INTERNATIONAL LIMITED,110000000.0
204,INTERGLOBE AIR TRANSPORT LIMITED,110000000.0
153,REAL TECHNICAL SOLUTIONS PVT LTD,110000000.0
149,JAI BHARAT TECHNICAL SERVICES PVT LTD,105000000.0
978,JWIL INFRA LTD. (FORM. JITF WATER,105000000.0
827,ALEMBICPHARMACEUTICALSLINCLRTGS,102000000.0
355,MONALISA BOTTLING INDUSTRIES PVT LTD,101500000.0
340,UTKAL ALUMINA INTERNATIONAL LTD,100000000.0
900,BIOXGREEN TECHNOLOGY PRIVATE LIMITE,100000000.0
454,J.K.CEMENT LTD.,100000000.0
943,GOODLUCK  INDIA LIMITED,100000000.0
625,APCO INFRATECH PRIVATE LIMITED,100000000.0
534,ORISSA METALIKS PVT LIMITED,100000000.0
746,SELMAR LAB PRIVATE LTD,100000000.0
877,ABNLINVESTMENTLIMITED,100000000.0
1152,GVPR ENGINEERS LTD,100000000.0
875,INORBIT MALLS INDIA PRIVATE LIMITED,100000000.0
841,WELSPUN INDIA LIMITED,100000000.0
220,SYLVANUS PROPERTIES LIMITED,100000000.0
218,SELENE CONSTRUCTIONS LIMITED,100000000.0
844,BEST AGROLIFE LIMITED,100000000.0
718,SRICHAITANYA STUDENTS FACILITY MANAGEMENT PVT LTD,100000000.0
705,PPR M SAND LLP,100000000.0
982,PRESTIGE GARDEN ESTATES PRIVATE LIM,100000000.0
983,PRESTIGE PROJECTS PVT LTD,100000000.0
1013,NARA CONSTRUCTIONS,100000000.0
1112,SHRI SHAMLAJI SALES PRIVATE LIMITED,100000000.0
1018,SANDEEP AUTO LINES,100000000.0
638,HARMESH RAHUL JOSHI,100000000.0
301,UPL LIMITED,100000000.0
389,CHANDRAJYOTI ESTATE DEVELOPERS PVT.,100000000.0
1023,SUPER CYBERTECH PARK PRIVATE LIMITE,100000000.0
314,RAJU KUMAR SHARMA,100000000.0
315,APCO INFRATECH PVT LTD  FORMERLY AP,100000000.0
365,MKK METAL SECTIONS P LTD,100000000.0
651,RAHUL JAGANNATH JOSHI,100000000.0
1056,KNR CONSTRUCTIONS LTD,100000000.0
802,NAVAYUGA ENGINEERING CO LTD,100000000.0
869,USV PRIVATE LTD ( FORMERLY USV LTD),100000000.0
374,JINDAL HOUSE,100000000.0
111,SAURABH GUPTA,100000000.0
1304,TVS MOTOR COMPANY LIMITED,100000000.0
171,BRIGHT STAR INVESTMENTS PVT.LTD,100000000.0
196,ATHENA INFRASTRUCTURE LIMITED,100000000.0
1197,APCO INFRATECH PRIVATE LTD,100000000.0
1291,ENVIRO CONTROL PRIVATE LIMITED FORM,100000000.0
193,S.S.EARTHMOVERS AND LOGISTICS,100000000.0
1256,MSN LABORATORIES PVT LTD,100000000.0
1231,CYIENT LIMITED,100000000.0
189,INFOTELTECHNOLOGIESPRIVATELIMITE,100000000.0
1261,ACE URBAN DEVELOPERS PVT LTD,100000000.0
1232,APL HEALTHCARE LIMITED,100000000.0
1285,BHARAT BIOTECH INTERNATIONAL LIMITED,100000000.0
17,PIRAMAL ENTERPRISES LTD,100000000.0
16,PIRAMAL CAPITAL AND HOUSING FINANCE LTD,100000000.0
1251,SNEHA KINETIC POWER PROJECTS PVT LTD,100000000.0
88,BAJAJ HOLDINGS & INVESTMENT LIMITED,100000000.0
61,PEGASUS PROPERTIES PVT LTD,100000000.0
199,ENAM HOLDINGS PRIVATE LIMITED,100000000.0
823,GLENMARK PHARMACEUTICALS LTD,97500000.0
1258,MY HOME INFRASTRUCTURES PVT LTD MY,95000000.0
356,SENGUPTA AND SENGUPTA PRIVATE LIMIT,92000000.0
393,HARDESH ORES PVT LTD,90000000.0
616,VACMETINDIALIMITED,90000000.0
130,OM METALS DEVELOPERS (P) LTD.,90000000.0
800,MICHIGAN ENGINEERS PVT LTD,90000000.0
801,MICRO LABS LTD,90000000.0
893,RANJIT BUILDCON LIMITED,90000000.0
1038,ASKUS LOGISTICS PRIVATE LIMITED,90000000.0
1027,KITEX CHILDRENSWEAR LTD,90000000.0
147,INDUSTRIAL TECHNO MAN POWER SUPPLY AND SERVICES PVT LTD,90000000.0
456,RIPLEY & CO STEVDORING & HANDLING PVT LT D,85000000.0
617,YOGA BUILDERS PVT LTD,85000000.0
1142,SRI KUMARASWAMY MINERAL EXPORTS PR,83300000.0
1195,ANITA HEMANT SHAH,82000000.0
924,UNIPRO TECHNO INFRASTRUCTURE PVT LTD,80000000.0
864,SUN OILNATURAL GAS DIV SUN PETRO P.,80000000.0
537,PROCURE ADVISORY SERVICES PRIVATE LTD,80000000.0
937,COMFORT TRIMS PRIVATE LIMITED DIVIS,80000000.0
734,GREENKO ENERGY PROJECTS PRIVATE LTD,80000000.0
609,ORRISA METALIKS PVT LTD,80000000.0
242,SKP MERCHANTS LLP,80000000.0
748,AQ SQUARE REALTORS PRIVATE LIMITED,80000000.0
1081,THE PUNJAB BUSINESS SUPPLY COMPANY,78000000.0
1004,CASTLE LIQUORS PRIVATE LIMITED,75000000.0
433,M/S. RAMESH AGARWAL C S BOTTLING PL,75000000.0
622,AJAY METALLOYS PVT LTD,75000000.0
792,BESSEGGENINFOTECHLLP,75000000.0
1299,ASKUS LOGISTICS PVT LTD,70000000.0
1282,ASISH FINANCE PRIVATE LIMITED,70000000.0
1278,WARORA CHANDRAPUR BALLARPUR TOLLROA,70000000.0
818,SOMASILA SOLAR POWER LIMITED,70000000.0
745,NUVOCO VISTAS CORPORATION LTD,70000000.0
914,CAPACITE INFRAPROJECTS LTD,70000000.0
238,CIPLA LTD,70000000.0
779,MOHIT MINERALS LIMITED,70000000.0
463,TIVOLI PARK APARTMENTS PVT LTD,70000000.0
580,SCAFFOLD PROPERTIES PVT LTD,70000000.0
1160,MICRO LABS LIMITED,70000000.0
175,ITC LIMITED,65575000.0
120,DERIVE TRADING AND RESORTS PRIVATE LIMIT,65000000.0
632,CAMELIA GRIHA NIRMAN PRIVATE LIMITED,65000000.0
146,FORCE MOTORS LTD,63500000.0
1170,NANDI ENTERPRISES,61800000.0
1194,VIJAYKUMARMISHRACONSTRUCTIONPVT,60000000.0
794,GANDHAR COALS AND MINES PVT LTD,60000000.0
172,CEAT LTD,60000000.0
688,EVEY TRANS PVT LTD,60000000.0
774,BENGAL VIPANAPAN PRIVATE LIMITED,60000000.0
310,MAHALAXMI VIDYUT PVT.LTD.,60000000.0
333,SHREE CEMENT LTD,60000000.0
577,MADHYA PRADESH WASTE MANAGEMENT PRI,60000000.0
371,BALU CEMENT CORPORATION,60000000.0
1300,GK ENERGY MARKETERS PRIVATE LIMITED,60000000.0
1315,SRI CHAITANYA STUDENTS FACILITY MANAGEME,60000000.0
876,PATEL ENGINEERING LTD.,60000000.0
1131,IDEAL ROAD BUILDERS  PVT.LTD.,60000000.0
1309,INDERDEEP CONSTRUCTION CO,60000000.0
953,KIRAN MAZUMDAR SHAW,60000000.0
999,ASKUS LOGISTICS PRIV,60000000.0
813,ARVIND LIMITED,60000000.0
334,TANUSHREE LOGISTICS PRIVATE LIMITED,56000000.0
1146,THE SANDUR MANGANESE &AMP;AMP; IRON ORES LI,56000000.0
1183,MANVAR SAVABHAI,55006000.0
1144,VEERABHADRAPPA SANGAPPA AND CO,55000000.0
1253,CYGNUS POWER INFRA SERVICES PRIVATE,55000000.0
437,RITESH PROJECTS PVT LTD,53500000.0
496,CAPSTAN TRADING LLP,52500000.0
1162,STOCKPATHADVISORSLLP,52000000.0
511,TAVINDER SINGH KOHLI,50000000.0
921,RAUNAK GUPTA,50000000.0
989,SKEIRON RENEWABLE ENERGY AMIDYALA PRIVATE LIMITED,50000000.0
468,SPML OM METALS JV,50000000.0
42,SHANKARANARAYANA CONSTRUCTIONS PVT,50000000.0
984,PRESTIGE PROPERTY MANAGEMENT AND SE,50000000.0
1200,HETERO BIOPHARMA LIMITED,50000000.0
959,NSL RENEWABLE POWER PRIVATE LIMITED,50000000.0
1199,DASAMI LAB PRIVATE LIMITED (FORMERLY HEL IUS LAB PVT LTD),50000000.0
951,ILABS HYD TECHNOLOGY CENTRE PVT LTD,50000000.0
1225,THRIVENI EARTHMOVERS PVT LTD,50000000.0
925,VIKAS PARASRAMPURIA,50000000.0
981,PRESTIGE ESTATES PROJECTS LTD PREST,50000000.0
968,AUGMONT ENTERPRISES PRIVATE LIMITED,50000000.0
1293,BIOVET PVT LTD,50000000.0
207,JMC PROJECTS  INDIA  LTD,50000000.0
480,SALASAR STOCK BROKING LTD-PROPRIETARY,50000000.0
945,GREENKO MP01 IREP PRIVATE LIMITED,50000000.0
1297,RCC NUTRA FILL PRIVATE LIMITED,50000000.0
952,KCR ENTERPRISE LLP,50000000.0
975,GREENKO ANANTAPUR WIND POWER PRIVATE LIMITED,50000000.0
1213,YUVAN TRADING   CONSULTANCY LLP,50000000.0
825,MNMEDIAVENTURESPVTL108,50000000.0
56,KEYSTONE REALTORS PVT LTD,50000000.0
822,ARIZONAGLOBALSERVICESPVTLTDBR,50000000.0
920,MAHABIR BANKA,50000000.0
497,CASA MARIA PROPERTIES LLP,50000000.0
405,D S ENGINEERING WORKSHOP LLP,50000000.0
1009,HONOUR LAB LIMITED,50000000.0
1015,NSL SEZ HYDERABAD PRIVATE LIMITED,50000000.0
799,J K CEMENT LTD.,50000000.0
1286,CHIRON BEHRING VACCINES PVT LTD,50000000.0
132,RADICO KHAITAN LIMITED,50000000.0
1006,D S ENGINEERING WORKS LLP,50000000.0
1003,C R ASSOCIATES,50000000.0
662,LAKSHMI MEDICALS,50000000.0
1021,SUDHAKAR KANCHARLA,50000000.0
380,K AMISH KUMAR TRADING PVT LTD,50000000.0
136,STAR CEMENT MEGHALAYA LIMITED,50000000.0
1219,J K CEMENT LIMITED,50000000.0
392,GENUS POWER,50000000.0
995,VILLAGE DE NANDI PVT LTD RERA DESIG,50000000.0
1205,SELMAR LAB  PRIVATE LIMITED,50000000.0
663,RAJAPUSHPA ASSET MANAGEMENT LLP,50000000.0
1268,WELSPUN LIVING LIMITED,50000000.0
383,PURSHOTTAM LAL GUPTA,50000000.0
430,PURULIA BOTTLING PVT LTD,50000000.0
1238,SARDA ENERGY AND MINERALS LTD,50000000.0
410,GOODLUCK INDIA LTD,50000000.0
1012,N A R INFRA PRIVATE LIMITED,50000000.0
682,AXIS CLINICALS LIMITED,50000000.0
182,SHANKARRESOURCESPVTLTD,50000000.0
307,GENEXT HARDWARE   PARKS PVT. LTD,50000000.0
187,INFOTELACCESSENTERPRISESPL00108,50000000.0
173,DERIVE INVESTMENTS,50000000.0
1132,INTERGLOBE AVIATION LIMITED,50000000.0
82,"AISHWARYA BUSINESS CORPORATION PVT, LTD",50000000.0
1127,VASAVI  AVENUES LLP,50000000.0
784,SWAMI FUELS PRIVATE LIMITED,50000000.0
1262,DCM SHRIRAM LIMITED,50000000.0
311,ORIENTAL SOUTH DELHI HOTELS PVT LTD,50000000.0
903,MOHIT MINERALS  LTD,50000000.0
892,MANU VYAPAR (P) LTD.,50000000.0
20,RENUKESHWAR INVESTMENTS PVT LTD,50000000.0
253,PRESTIGE NOTTING HILL INVESTMENTS,50000000.0
601,HINDUSTAN TEXTILES,50000000.0
600,HEENA STEEL LLP,50000000.0
754,FERTILELAND FOODS PRIVATE LIMITED,50000000.0
545,ROSHNI DEALMARK PRIVATE LTD,50000000.0
19,RENUKA INVESTMENTS AND FINANCE LTD,50000000.0
91,FASTWAY TRANSMISSIONS PVT LTD,50000000.0
773,ASIAN TRADING CORPORATION LIMITED,50000000.0
598,BLUEBERRY TRADING COMPANY PRIVATE L,50000000.0
1071,ASHOKA  MUDHOL NIPANI ROADS LIMITED,50000000.0
1096,HINDYS LAB PVT. LTD. (PREVIOUSLY HIND LI FE SCIENCES PVT LTD),50000000.0
1082,VIVA HIGHWAYS  LTD,50000000.0
254,PRESTIGE SOUTHCITY HOLDINGS,50000000.0
252,PRESTIGE HABITAT VENTURES,50000000.0
916,FUTURISTIC HANDLING SERVICES PVT LTD,50000000.0
203,INDRANI PATNAIK,50000000.0
1317,VEDIKA VANIJYA PVT LTD-SELF A/C,50000000.0
1176,AKSHAT GREENTECH PRIVATE LIMITED,50000000.0
343,G R INFRAPROJECTS L,50000000.0
213,MYTRAH ENERGY(INDIA) PRIVATE LIMITED,50000000.0
571,LALITPUR POWER GENERATION COMPANY LIMITED,50000000.0
201,FAMY ENERGY PRIVATE LIMITED,50000000.0
221,THAKUR PRASAD SAO & SONS PVT LT,50000000.0
165,PHILIPS CARBON BLACK LTD,50000000.0
683,BRICKS INFRATECH LLP,50000000.0
740,TRIDENTCHEMPHARLIMITED,50000000.0
873,DCM SHRIRAM LTD,50000000.0
1158,INDURU SUDHAKARA  REDDY,50000000.0
1157,BAIN GLOBAL RESOURCES LLP,50000000.0
874,EVERSHINE INTERIORS CHENNAI PVT LTD,50000000.0
1045,GAJA ENGINEERING PVT LTD,50000000.0
1046,MB POWER (MADHYA PRADESH) LTD,50000000.0
1147,TRIDENT LIMITED,50000000.0
1085,BIOLOGICAL E LIMITED,50000000.0
487,ANBEE CONSTRUCTIONS LLP,45000000.0
76,UM CABLES LIMITED,45000000.0
495,CAPE TRADING LLP,45000000.0
1177,ASHOKA HUNGUND TALIKOT ROAD LTD,45000000.0
126,LOTUS TEXPARK LIMITED FORMERLY LOTUS INT EGRATED TEXPARK LTD,45000000.0
790,ARROW PROJECTS PVT LTD,45000000.0
910,KONARK RAJENDRA SHAH,45000000.0
501,LAURELSECURITIESPVTLTD,45000000.0
507,RAGHUKOOL ESTATE DEVELOPMENT LLP,45000000.0
59,OMKAR REALTORS PROJECTS PVT LTD,45000000.0
930,ASIAN AGRI GENETICS LIMITED,45000000.0
1187,PRASHANT KUMAR JAISWAL,43000000.0
1150,ABHRAJIT MITRA,42500000.0
593,V M SALGAOCAR CORPORATION PVT LTD,41500000.0
787,ACHINTYA SOLAR POWER PRIVATE LIMITED,40000000.0
316,KEJRIWAL MIINIING PRIVATE LIMITED,40000000.0
645,NAVAL KISHORE AGARWAL,40000000.0
1051,VERTEX VEGA DEVELOPERS LLP,40000000.0
1164,ASHOKA BAGEWADI SAUNDATTI ROAD LIMITED,40000000.0
576,KVR BASELINE RESOURCES PRIVATE LIMI,40000000.0
1126,TSHARKS OVERSEAS EDUCATION CONSULTA,40000000.0
237,TAQUITO LEASE OPERATORS PVT. LTD,40000000.0
370,THE INDIA CEMENTS LTD,40000000.0
729,TANOT WIND POWER VENTURES PVT LTD,40000000.0
1270,G S ISPAT,40000000.0
11,MSPL LTD,40000000.0
640,INFRASTRUCTURE LOGISTICS PVT LTD,40000000.0
378,AJAY GUPTA,40000000.0
342,ARDENT STEEL LIMITED,40000000.0
788,AJANTA PHARMA LTD,40000000.0
1175,VARDHMAN TEXTILES LIMITED,40000000.0
1091,EAGLE INFRA INDIA LTD,40000000.0
403,BESSEGGEN INFOTECH LLP,40000000.0
95,INOX AIR PRODUCTS LTD,40000000.0
474,PRB SECURITIES PVT LTD,40000000.0
1274,JAI GANESH ISPAT AND FERRO ALLOYS PVT LTD,40000000.0
1201,HORIZON MEDICAL SUPPLIES,40000000.0
13,OMKAR VENTURES PVT LTD,40000000.0
628,BALU IRON & STEEL COMPANY,40000000.0
214,NARBHERAM VISHRAM,40000000.0
815,ARVINDINFRACONLLP,40000000.0
215,OM CREDIT PVT LTD,40000000.0
947,HANSVAHINI AUTO INTERIOR PVT LTD,40000000.0
730,DR REDDYS LABORATORIES LIMITED,40000000.0
163,INDIA GLYCOLS LTD,39900000.0
472,M S  VARAS INTERNATIONAL PVT LTD,38000000.0
1057,LAXMI INDUSTRIAL BOTTLING PLANT,36500000.0
499,GALAXY C.S. BOTTLING PLANT,36000000.0
354,LAXMI INDUSTRIAL BOTTLING PLAN,35550000.0
1117,SRI SAI BIO ORGANICS( OPR BY R V SUBRAHM ANYAM I),35500000.0
368,SOUTH ASIA FM LIMITED,35000000.0
164,JINDAL POLY FILMS LIMITED,35000000.0
602,KAMAL TRADING CORPORATION,35000000.0
1125,TSHARKS INFRA DEVELOPERS PRIVATE LI,35000000.0
905,PRAGATI ENTERPRISES,35000000.0
432,M/S. K.D. LIQUOR  FERTILIZER PRIVATE L,35000000.0
364,KAL RADIO LIMITED,35000000.0
895,RANJIT TOLL ROAD PRIVATE LIMITED,35000000.0
348,SAROJIT KUMAR DEY,34100000.0
24,ALOK NARAYAN PANDEY,34000000.0
610,PALM SHELTER ESTATE DEVELOPMENT LLP,32500000.0
544,RIGHT AID CONSULTANTS PVT LTD,30000000.0
838,PIRAMAL PHARMA LIMITED,30000000.0
611,PENGUIN TRADING AND AGENCIES LTD,30000000.0
73,ST PATRICKS REALTY PVT LTD,30000000.0
830,ARVIND  LIMITED,30000000.0
573,AUROBINDO PHARMA LTD,30000000.0
1265,PRASAD AND COMPANY PRIVATE LIMITED,30000000.0
84,APOLLO TYRES LIMITED,30000000.0
879,RAJDHANI DEALERS PRIVATE LIMITED,30000000.0
944,GORJA STEEL PROCESSORS,30000000.0
960,PRABHAKAR RAO ASHA PRIYA PROPERTIES,30000000.0
1236,PRAKASH BALWANT MENGANE,30000000.0
604,LOUISIANA INVESTMENT   FINANCE PVT,30000000.0
911,MARAL OVERSEAS LTD.,30000000.0
821,ARAVALI TECHNICAL SERVICES PVT LTD,30000000.0
58,MUTHOOT FINANCE LTD,30000000.0
1243,WONDER MINERALS  PVT LTD.,30000000.0
391,D R POLYMERS PVT LTD,30000000.0
112,SHAHIEXP,30000000.0
647,NETINCON MARKETING PVT LTD,30000000.0
962,RSLH AUTO SEAT TRIMS PVT LTD,30000000.0
400,ABHIJIT INTERNATIONAL,30000000.0
135,SPPL PROPERTY MANAGEMENT PVT LTD,30000000.0
1020,SIGMA ADVANCED SYSTEMS PRIVATE LIMI,30000000.0
274,MAGARPATTA TOWNSHIP DEV AND CONST C,30000000.0
390,D R INTERNATIONAL PRIVATE LIMITED,30000000.0
1208,THRIVENI SAINIK MINING PRIVATE LIMI,30000000.0
1287,MVM SECURITIES PVT LTD-SELF A/C,30000000.0
667,AVEES TRADING AND FINANCE PVT LTD,30000000.0
710,RIPLEY AND CO. STEVEDORING & HANDLING PVT LTD,30000000.0
369,SUN DISTRIBUTION SERVICES PVT LTD,30000000.0
367,SHYAM STEEL MANUFACTURING LTD. (FLY SOVA  ISPAT LTD.),30000000.0
26,CHHATTISGARH DISTILLERIES LIMITED,30000000.0
1080,RPSG VENTURES LIMITED,30000000.0
698,IRA BLOSSOM FIELDS,30000000.0
1186,NUVOCO VISTAS CORP. LTD,30000000.0
1303,SYNERGY DEALCOM PVT LTD-SELF A/C,30000000.0
336,GENUS POWER INFRASTRUCTURES LTD,30000000.0
169,ZENSAR TECHNOLOGIES LTD,30000000.0
1007,DILIP RAMANLAL THACKER,30000000.0
723,GREENKO BUDHIL HYDRO POWER PVT LTD,30000000.0
219,SMR AUTOMOTIVE SYSTEMS INDIA LTD,30000000.0
976,GREENKO URAVAKONDA WIND POWER PRIVA,30000000.0
1229,ASHOK                                      KUMAR MODI,30000000.0
426,THRIVENI EARTH MOVERS PVT LTD,30000000.0
814,ARVINDBEAUTYBRANDSRETAILPVTLTD,30000000.0
1308,GRANULES INDIA LIMITED,30000000.0
990,SOHINI DEVELOPERS LLP,30000000.0
969,AXIS WIND FARMS (MPR DAM) PRIVATE L,30000000.0
642,KRISHNA SHEET PROCESSORS PVT LTD,30000000.0
992,VAMSIRAM BUILDERS LLP,30000000.0
233,ALLANASONS PRIVATE L,30000000.0
993,VAMSIRAM DEVELOPERS LLP,30000000.0
733,TRANSWAYS EXIM PVT LTD,30000000.0
724,GREENKO RAYALA WIND POWER PVT LTD,30000000.0
1230,AVINASH MODI,30000000.0
75,THE SUPREME INDUSTRIES LTD,27500000.0
345,PRAKASH DISTILLERY & CHEMICAL CO (P) LT  D,26080000.0
559,BMW INFRASTRUCTURE LLP,26000000.0
538,R.S.BROTHERS RETAIL INDIA PRIVATE LIMITE D,25000000.0
741,DANIKA TRADERS PRIVATE LTD,25000000.0
894,RANJIT PROJECTS PRIVATE LIMITED,25000000.0
1063,R   R INFRATECH  INDIA  PRIVATE LIM,25000000.0
737,DASAMI LAB PRIVATE LTD,25000000.0
217,SAROSH ALIZAH MINING,25000000.0
208,K K RESOURCES PRIVATE LIMITED,25000000.0
1062,PRUDHVI CONSTRUCTIONS PRIVATE LIMIT,25000000.0
1048,SAGAR CEMENTS LIMITED,25000000.0
607,MKK METAL SECTIONS PVT LTD,25000000.0
328,RATNAMANI METALS AND TUBES LTD,25000000.0
1279,KALPTARU INVESTMENTS PVT.LTD.  PROP,25000000.0
1284,AMAR SECURITIES PVT LTD,25000000.0
142,AIS DISTRIBUTION,25000000.0
358,TRANSWAYS EXIM PRIVATE LTD,25000000.0
923,SPECO INFRASTRUCTURES,25000000.0
158,COMFORT TRIMS PRIVATE LIMITED,25000000.0
1202,KISHAN F.L. BOND HOUSE,25000000.0
377,SILVERTOSS SECURITIES PVT LTD,25000000.0
406,DESCENT BUILDWELL LLP,25000000.0
522,BIGC MOBILES PVT LTD,25000000.0
958,MTC ISPAT PVT LTD,25000000.0
396,JMS MINING  PRIVATE LIMITED,25000000.0
1275,M/S T S WIND POWER DEVELOPERS,23000000.0
956,MARDI GRAS LIQUOR DIV OF MARDI GRAS,23000000.0
861,SERVEALL LAND DEVELOPERS PVT LTD,22500000.0
727,SEI VENUS PVT LTD,20000000.0
722,ZUVAN ENERGY PVT LTD,20000000.0
725,SANOLA WIND PROJECT PVT LTD,20000000.0
726,SEI DIAMOND PVT LTD,20000000.0
820,THE ANUP ENGINEERING,20000000.0
728,SUNBORNE ENERGY ANDHRA PVT LTD,20000000.0
623,ANANT UDYOG LLP,20000000.0
643,LULU INDIA SHOPPING MALL PRIVATE LI,20000000.0
810,VISHVARUPA SOLAR POWER PRIVATE LIMITED,20000000.0
1273,AIC VMR PROJECTS PVT LTD,20000000.0
749,GREAT EASTERN STORES PVT LTD,20000000.0
43,SRI KRISHNA INFRAASTRUCTURES,20000000.0
71,SNS CLOTHING PVT LTD,20000000.0
630,BIRLAESTATESPRIVATELIMITED,20000000.0
720,VARSITY EDUCATION MANAGEMENT PVT LIMITED,20000000.0
686,ELENA RENEWABLE ENERGY PVT LTD,20000000.0
845,BIRD WORLDWIDE FLIGHT SERVICES INDI,20000000.0
64,QUALITY MAINTENANCE VENTURE LTD,20000000.0
687,ELITE DEVELOPERS,20000000.0
608,NIRMAL KUMAR BATHWAL,20000000.0
786,VIVEK PATNI,20000000.0
785,VIKAS PATNI,20000000.0
781,RISHABH PATNI,20000000.0
694,GREENKO SUMEZ HYDRO ENERGIES PVT LTD,20000000.0
685,DIVYESH POWER PVT LTD,20000000.0
679,AASHMAN ENERGY PVT LTD,20000000.0
778,KANWAR                                     LAL PATNI,20000000.0
706,PRATYASH RENEWABLE PRIVATE LIMITED,20000000.0
767,VINEET PATNI,20000000.0
764,SURESH PATNI,20000000.0
711,RT RENEWABLE ENERGY PVT LTD,20000000.0
712,SAROJA RENEWABLES PRIVATE LIMITED,20000000.0
713,SEI BASKARA POWER PVT LTD,20000000.0
596,BALRAMPUR CHINI MILLS LTD,20000000.0
714,SEI ENERSTAR RENEWABLE ENRGY PVT LTD,20000000.0
715,SEI MIHIR ENERGY PVT LTD,20000000.0
753,ASHOK PATNI,20000000.0
716,SHREYAS RENEWABLE ENERGY PVT LTD,20000000.0
1319,VIHAAN AUTO VENTURES PRIVATE LIMITED,20000000.0
1244,WONDER MARMOSTONES PVT LTD,20000000.0
143,ECL FINANCE LTD,20000000.0
904,MR KONARK RAJENDRA SHAH,20000000.0
74,SWETA ESTATES PVT LTD,20000000.0
909,KIRITI VENTURES PRIVATE LIMITED,20000000.0
1246,GREENKO RAYALA WIND POWER PRIVATE LIMITE D,20000000.0
525,CROCHET TRADE AND INVESTMENT PVT L,20000000.0
912,SMRITI  AGRAWAL,20000000.0
1109,R N CONSTRUCTIONS,20000000.0
1245,DEVARAHIPPARIGI WIND POWER PVT LTD,20000000.0
967,ANIMALA WIND POWER PRIVATE LIMITED,20000000.0
350,CASTAMET WORKS,20000000.0
506,PALM SHELTER ESTATE DEVELOPMENT LL,20000000.0
1198,BLUESTONE COMMODITIES LLP,20000000.0
965,AARISH SOLAR POWER PRIVATE LIMITED,20000000.0
502,LIFELINE MARKETING PRIVATE LIMITED,20000000.0
1188,PUJA COAL PRIVATE LIMITED,20000000.0
1060,NVNR POWER   INFRA PRIVATE LIMITED,20000000.0
961,PRABHAT HOMES PRIVATE LIMITED,20000000.0
152,PVR LTD,20000000.0
1249,KHANDKE WIND ENERGY PRIVATE LIMITED,20000000.0
901,EFICENS SOFTWARE SERVICES PVT LTD,20000000.0
1250,SKEIRON RENEWABLE ENERGY AMIDYALA P,20000000.0
1165,ASSOCIATED ALCOHOLS  BREWERIES LIMI,20000000.0
409,GOLDSTONE CEMENTS LTD,20000000.0
1257,MSN ORGANICS PVT LTD,20000000.0
561,DALMIA BHARAT SUGAR AND INDUSTRIES LTD,20000000.0
1255,MAITHRI LABORATORIES (PVT) LTD,20000000.0
210,"M/S VISION SECURITY SERVICES, PROP-MAJOR  DEVENDRA NATH DAS",20000000.0
881,AMARAVATI TEKSYSTEMS PRIVATE LIMITE,20000000.0
883,TEKREANT INDIA PRIVATE LIMITED,20000000.0
1014,NIMBHA BIOTECH PRIVATE LIMITED,20000000.0
235,FRIGORIFICO ALLANA P,20000000.0
1016,RAMGAD MINERALS AND MINING LTD,20000000.0
191,LUMAX INDUSTRIES LIMITED,20000000.0
1143,TRIDENT LIMITED {FORMERLY ABHISHEK INDUS TRIES LIMITED},20000000.0
1123,THE ANGUS COMPANY LIMITED,20000000.0
549,SILVERTONE SECURITIES PVT LTD,20000000.0
446,RAJESH M AGRAWAL,20000000.0
1114,SLRV HOMES LLP,20000000.0
278,NANDED CITY DEVELOPMENT AND CONSTRU,20000000.0
160,GUWAHATI CARBON LIMITED,20000000.0
1102,MOUNT EVEREST BREWERIES LIMITED,19900000.0
899,RAKESH PRAVINCHANDRA SHAH,18700000.0
605,MEGA EQUITAS PRIVATE LIMITED,18000000.0
652,REENA GARG,17500000.0
870,VEDANTA ELECTRICALS PRIVATE LIMITED,17500000.0
620,ADITYA KUMAR GARG,17500000.0
387,AUSTIN PLYWOOD PRIVATE LIMITED FORMERLY  B S PROGRESSIVE PVT,17000000.0
420,NORTH EAST INFRA NET WORK,16500000.0
33,MS PEARL GLOBAL INDUSTRIES LTD FORM,16000000.0
1290,SPECO INFRASTRUCTURE,15000000.0
653,SHADOWFAX TRADERS,15000000.0
1167,INTERNATIONAL TRADING CORPORATION,15000000.0
198,BG SHIRKE CONSTRUCTION TECHNOLOGY PVT LTD,15000000.0
1122,SUNIL ENGINEERING AND SYSTEMS,15000000.0
183,SHREE CEMENT LIMITED,15000000.0
1030,RAMESH AGARWAL C S BOTTLING PL,15000000.0
1191,SI AIR SPRINGS PRIVATE LTD,15000000.0
1105,NVSUBBA RAO,15000000.0
1072,BSCPL INFRASTRUCTURE LIMITED,15000000.0
1066,SILVERTONE SECURITIES PRIVATE LIMIT,15000000.0
1190,SENGUPTA AND SENGUPTA PVT LTD,15000000.0
157,AMBUJA REALTY EVENTS MANAGMENT LTD,15000000.0
1040,CROCHET TRADE AND INVESTMENT PVT LT,15000000.0
382,NANGALIA ASSOCIATES,15000000.0
575,CHOWGLE AND COMPANY PVT LTD,15000000.0
122,GANNON DUNKERLEY AND CO LIMITED,15000000.0
913,TARLA RAJENDRA SHAH,15000000.0
592,V M SALGAOCAR   BROTHER PVT LTD,15000000.0
886,SHREE CHAND SARAOGI,15000000.0
1120,SRIVAY INDUSTRIES LIMITED,14900000.0
791,AVON CYCLES LTD,14000000.0
550,SUMAN ESTATES PRIVATE LIMITED,13500000.0
134,SHIVALIK PRINTS LIMITED,13500000.0
948,HIMADRI KHAN,13000000.0
612,R B DEALERS PVT LTD,12500000.0
379,CRYSTAL TEA INDIA PVT LTD,12500000.0
63,PRIME SALES CORPORATION,12500000.0
453,SWARNAPUSHPA VANIJYA PRIVATE LIMITE,12500000.0
206,JBM INDUSTRIES LIMITED,12500000.0
655,SHRINIVAS VASUDEVA DEMPO,12500000.0
1171,NORTHERN SPIRITS LTD,12000000.0
227,CHAKRADHARI TRADELINK PRIVATE LIMIT,12000000.0
1029,MANOTOSH DAS,12000000.0
742,DIVIT SECURITY,12000000.0
1182,MANVAR DEVABHAI,11436000.0
1179,DEVAL KHAMUBHAI MANVAR,11268000.0
140,UNNIKRISHNAN K,11000000.0
129,MR SAURABH BAKLIWAL,11000000.0
770,ARUNANGSHU MUKHERJEE,11000000.0
1181,HARIJAN HIRIBAI,10768000.0
1189,RATHOD LAKHIBEN,10768000.0
1178,BHACHIBEN KHAMUBHAI MANVAR,10768000.0
65,RAIPUR BOTLING COMPANY,10001000.0
1254,DESAI TRADING   CONSULTANTS PVT LTD,10000000.0
1267,SUNDARAM INDUSTRIES PVT LIMITED,10000000.0
1247,HAPPYTAT VILLAS PRIVATE LIMITED,10000000.0
1174,SOM DISTILLERIES PVT LTD,10000000.0
765,SUSHILA PATNI,10000000.0
1106,PRADEEP AGGARWAL,10000000.0
863,SNB MINERALS PRIVATE LIMITED,10000000.0
927,ANTIQUE INDIA PRIVATE LIMITED,10000000.0
1116,SR DEVELOPERS,10000000.0
1101,KMK DEVELOPERS PVT LTD ASHISH BHAS,10000000.0
1099,KARTHIKEYA CONSTRUCTIONS,10000000.0
1305,VALLURUPALLI PRABHU KISHORE,10000000.0
1115,SOM DISTILERIES PRIVATE LTD,10000000.0
1159,J B ENTERPRISE,10000000.0
1118,SRI SIDDARTHA CONSTRUCTIONS,10000000.0
1173,SOM DISTILLERIES BREWERIES LIMITED,10000000.0
1121,SRIVILAS HYDROTECH PVT LTD,10000000.0
751,ROSHNI DEALMARK PRIVATE LIMITED,10000000.0
836,PANACEA BIOTEC PHARMA LTD PHARMACEU,10000000.0
1307,DYNERE ENGINEERING PRIVATE LIMITED,10000000.0
1124,THE GANGES MANUFACTURING CO LTD,10000000.0
1129,VIKAS AGGARWAL,10000000.0
1094,GANGES JUTE PRIVATE LTD,10000000.0
888,SREE RAYALASEEMA HI STRENGTH HYPO LTD,10000000.0
1306,ASHOKA DEVELOPERS,10000000.0
1156,B.DAS AND ASSOCIATES PVT. LTD.,10000000.0
887,SLICK SOFTWARE SOLUTIONS PRIVATE LI,10000000.0
750,PROCURE ADVISORY SERVICES PRIVATE L,10000000.0
1097,ICONICA PROJECTS,10000000.0
997,ZUVAN ENERGY PRIVATE LIMITED,10000000.0
1090,DOYEN ENGINEERING SERVICES PRIVATE,10000000.0
1272,VAIBHAV LAXMI CAPITAL MARKET PRIVATE LIM,10000000.0
957,MIDAS PROJECTS PRIVATE LIMITED,10000000.0
966,AASHMAN ENERGY PRIVATE LIMITED,10000000.0
1292,TPK PARTNERS,10000000.0
972,DIVYESH POWER PRIVATE LIMITED,10000000.0
1025,VENKAT PRANEETH DEVELOPRS (P) LTD,10000000.0
973,ELENA RENEWABLE ENERGY PRIVATE LIMITED,10000000.0
974,FORTUNE ESTATE DEVELOPERS PVT LTD,10000000.0
797,GRINIBHRIT SOLAR POWER PVT LTD,10000000.0
1224,TEGA INDUSTRIES LIMI,10000000.0
987,SEI ARUSHI PVT LTD,10000000.0
988,SHREYAS RENEWABLE ENERGY PRIVATE LTD,10000000.0
1002,BHAGYASREE REALTORS PRIVATE LIMITED,10000000.0
991,TADAS WIND ENERGY PVT LTD,10000000.0
1222,PARIBARTAN ELECTORAL TRUST,10000000.0
994,VAMSIRAMS JYOTHI LORVEN,10000000.0
1001,BHAGYANAGAR INFRA PROJECTS,10000000.0
805,PENNAR RENEWABLES PVT LTD( NEW ERA,10000000.0
807,PREMIER PHOTOVOLTAIC MEDAK (P)LTD,10000000.0
1000,BALAJI  REAL ESTATE VENTURES PVT LT,10000000.0
942,DIVYASREE SOFTTECH REALTORS PVT LTD,10000000.0
941,DIVYASREE NSL INFRASTRUCTURE PRIVATE LIM ITED,10000000.0
1089,CYBER HOMES,10000000.0
1031,AALAYA CONSTRUCTIONS,10000000.0
1241,DAAWAT FOODS LTD,10000000.0
1070,VIPUL CHAMPAKLAL SHAH,10000000.0
929,ARS COATED STEEL,10000000.0
808,SUVARCHAS SOLAR POWER PRIVATE LIMITED,10000000.0
1061,PARESH CHAMPAKLAL SHAH,10000000.0
932,BISHOPS WEED FOOD CRAFTS PRIVATE LI,10000000.0
933,CANDY SPIRITS PVT LTD,10000000.0
1058,LPF SYSTEMS PRIVATE LIMITED,10000000.0
934,CHAYA REAL ESTATE PVT LIMITED,10000000.0
1050,SWARNARETH MINERAL INDUSTRIES,10000000.0
1049,SIDDHARTH DEVELOPERS,10000000.0
1043,FOR M/S SRI NIDHI CONSTRUCTIONS,10000000.0
938,CURATED LIVING SOLUTIONS PRIVATE LI,10000000.0
940,DIVYASREE HOLDINGS PVT LTD,10000000.0
1036,VASUDHA DEVELOPERS,10000000.0
1035,SRI KARTHIKEYA DEVELOPERS,10000000.0
1192,THE ASSOCIATED AUTO PARTS PRIVATE LIMITED,10000000.0
1034,SRI DEVELOPERS,10000000.0
1032,BHASWINI DEVELOPERS,10000000.0
1065,SAGI VENKATA RAMAKRISHNA RAJU,10000000.0
660,GORUKANTI DEVENDER RAO,10000000.0
197,BAGDOGRA REALTORS PVT LTD,10000000.0
661,GORUKANTI SURENDER RAO,10000000.0
121,DERIVE TRADING AND RESORTS PRIVATE LIMITED,10000000.0
691,GREENKO HIM KAILASH HYDRO POWER PVT LTD,10000000.0
690,GREENKO ASTHA PROJECTS (INDIA) PVT LTD,10000000.0
689,GANGDARI HYDRO POWER PVT LTD,10000000.0
681,ANANTPURA WIND ENERGIES PVT LTD,10000000.0
277,MINDARIKA PRIVATE LTD,10000000.0
680,ACHINTYA SOLAR POWER PVT LTD,10000000.0
678,14 REELS PLUS LLP,10000000.0
669,BORAVELLI RAMULAMMA,10000000.0
255,JNS INSTRUMENTS LTD,10000000.0
668,BORAVELLI BHUPAL REDDY,10000000.0
246,CENTURY TEXTILES AND INDUSTRIES LTD,10000000.0
665,RAVENDER RAO GORUKANTI,10000000.0
85,B2C CONSULTING LLP,10000000.0
66,S R C CHEMICALS PVT LTD,10000000.0
96,INOX LEISURE LTD,10000000.0
232,ALLANA COLD STORAGE,10000000.0
228,CHITRAKUT HOLDINGS LTD,10000000.0
186,HIND TERMINALS PVT LTD,10000000.0
595,APOLLO VINTRADE PVT LTD,10000000.0
176,IVL DHUNSERI PETROCHEM INDUSTRIES PRIVAT E LIMITED,10000000.0
166,REGENT ELECTRO MECH PRIVATE LIMITED,10000000.0
106,RICHA GLOBAL EXPORTS PRIVATE LIMITED,10000000.0
162,HITECH SYSTEMS & SERVICES LTD,10000000.0
156,AMBUJA HOUSING AND URBAN INFRASTRUCTURE  CO. LTD.,10000000.0
116,ADIT BUILD WELL PVT LTD,10000000.0
614,TARGET VINCOM PVT LTD,10000000.0
145,EDELWEISS RURAL   CORPORATE SERVICE,10000000.0
692,GREENKO SOLAR POWER (DHARAMAVARAM) LTD,10000000.0
69,SHAURYAVIR CARRIERS PRIVATE LIMITED,10000000.0
693,GREENKO SRI SAI KRISHNA HYDRO ENERGIES PVT LTD,10000000.0
344,UTKARSH SFATIK LIMITED,10000000.0
719,TRIREME INFRASTRUCTURRE  PVT LTD,10000000.0
451,SSALASAR  FINANCIAL ADVISORY SERVICE PVT LTD,10000000.0
448,SHREE SALASAR PROPERTIES & FINANCE PVT LTD,10000000.0
425,SURENDRA STEELS PRIVATE LIMITED,10000000.0
14,PATEL HIGHWAY MANAGEMENT PVT LTD,10000000.0
25,BELLWEY INTERNATIONAL CO,10000000.0
54,JUBILANT LIFE SCIENCES LIMITED,10000000.0
353,L S DAVAR AND CO,10000000.0
707,R.S.BROTHERS RETIAL INDIA PVT LTD,10000000.0
349,TECH MAHINDRA LTD,10000000.0
709,RAYALA SEEMA WIND ENERGY PVT LTD,10000000.0
335,FRIGERIO CONSERVA AL,10000000.0
312,PURI CONSTRUCTION PVT LTD,10000000.0
309,KANHA VINCOM PRIVATE LIMITED,10000000.0
52,IDEAL REAL ESTATES PRIVATE LIMITED,10000000.0
144,EDELWEISS HOUSING FINANCE LTD.,10000000.0
